{"cameraMode":{"drawMode":0,"name":"Shaded","section":"Shading Mode"},"sceneLighting":false,"audioPlay":false,"sceneViewState":{"showFog":true,"showMaterialUpdate":false,"showSkybox":true,"showFlares":true,"showImageEffects":true,"showParticleSystems":true},"in2DMode":false,"pivot":{"x":-20.075361251831056,"y":1.9144165515899659,"z":-9.421161651611329},"rotation":{"x":-0.258390873670578,"y":-0.1422467976808548,"z":0.03849788010120392,"w":-0.9547345042228699},"size":2.778545618057251,"orthographic":false}